Search Enginee,Suggestion,Occurrence
Google,the hateful eight,12
Bing,the hateful eight,11
Bing,the hateful eight torrent,10
Bing,the hateful eight putlocker,10
Bing,the hateful eight movie,10
Google,the hateful eight showtimes,10
Google,the hateful eight cast,10
Bing,the hateful eight showtimes,10
Bing,the hateful eight trailer,10
Google,the hateful eight full movie,10
Google,the hateful eight review,10
Google,the hateful eight trailer,10
Bing,the hateful eight review,10
Bing,the hateful eight rotten tomatoes,9
Google,the hateful eight 70mm,9
Google,the hateful eight imdb,9
Google,the hateful eight online,9
Bing,the hateful eight full movie,9
Google,the hateful eight soundtrack,9
Bing,the hateful 8,6
Bing,the hateful eight dvd release date,4
Bing,the hartford,2
Google,the hamptons,2
Google,the hamilton dc,2
Bing,the home depot,2
Google,the hatchet,1
Google,the hatch act,1
Google,the hat fic,1
Google,the hat,1
Google,the hartford,1
Google,the happening,1
Bing,herald mail,1
Google,the haves and the have nots,1
Google,the hill,1
Google,the hills lyrics,1
Google,the hobbit,1
Google,the home depot,1
Google,the homestead,1
Google,the hunger games,1
Google,the huntsman,1
Google,the jungle book,1
Google,the martian,1
Google,the revenant,1
Google,the voice,1
Google,the walking dead,1
Google,the weather channel,1
Google,the hangover,1
Google,the bachelor,1
Google,the hamilton live,1
Google,the hallow,1
Bing,the baltimore sun,1
Bing,the columbia bank,1
Bing,the habit,1
Bing,the hamilton,1
Bing,the hamilton washington dc,1
Bing,the harbor bank of maryland,1
Bing,the hartford courant,1
Bing,the hartford my account,1
Bing,the hat,1
Bing,the hatch act,1
Bing,the haves and the have nots,1
Bing,the herald mail,1
Bing,the hill,1
Bing,the hill newspaper,1
Bing,the hindu,1
Bing,the hockey news,1
Bing,the huffington post,1
Bing,the hull truth,1
Bing,the pirate bay,1
Bing,the voice,1
Bing,the walking dead,1
Bing,the washington post,1
Bing,the weather channel,1
Bing,theblaze,1
Bing,thehamiltondc,1
Bing,the bachelor,1
Google,the big short,1
Google,the division,1
Google,the hague,1
Google,the weeknd,1
