Order Number,Search Enginee,Movie Name,Suggestion,Date & Time
1,Google,Star Wars: The Force Awakens,star wars the force awakens,2016-05-02 07:33:36
2,Google,Star Wars: The Force Awakens,star wars the force awakens full movie,2016-05-02 07:33:36
3,Google,Star Wars: The Force Awakens,star wars the force awakens cast,2016-05-02 07:33:36
4,Google,Star Wars: The Force Awakens,star wars the force awakens dvd,2016-05-02 07:33:36
5,Google,Star Wars: The Force Awakens,star wars the force awakens trailer,2016-05-02 07:33:36
6,Google,Star Wars: The Force Awakens,star wars the force awakens release date,2016-05-02 07:33:36
7,Google,Star Wars: The Force Awakens,star wars the force awakens review,2016-05-02 07:33:36
8,Google,Star Wars: The Force Awakens,star wars the force awakens showtimes,2016-05-02 07:33:36
9,Google,Star Wars: The Force Awakens,star wars the force awakens online,2016-05-02 07:33:36
10,Google,Star Wars: The Force Awakens,star wars the force awakens characters,2016-05-02 07:33:36
1,Bing,Star Wars: The Force Awakens,star wars the force awakens,2016-05-02 07:33:36
2,Bing,Star Wars: The Force Awakens,star wars the force awakens full movie,2016-05-02 07:33:36
3,Bing,Star Wars: The Force Awakens,star wars the force awakens dvd release date,2016-05-02 07:33:36
4,Bing,Star Wars: The Force Awakens,star wars the force awakens dvd,2016-05-02 07:33:36
5,Bing,Star Wars: The Force Awakens,star wars the force awakens blu ray,2016-05-02 07:33:36
6,Bing,Star Wars: The Force Awakens,star wars the force awakens cast list,2016-05-02 07:33:36
7,Bing,Star Wars: The Force Awakens,star wars the force awakens 3d blu ray,2016-05-02 07:33:36
8,Bing,Star Wars: The Force Awakens,star wars the force awakens characters,2016-05-02 07:33:36
9,Bing,Star Wars: The Force Awakens,star wars the force awakens box office,2016-05-02 07:33:36
10,Bing,Star Wars: The Force Awakens,star wars the force awakens wiki,2016-05-02 07:33:36
1,Google,Deadpool,deadpool,2016-05-02 07:33:41
2,Google,Deadpool,deadpool trailer,2016-05-02 07:33:41
3,Google,Deadpool,deadpool cast,2016-05-02 07:33:41
4,Google,Deadpool,deadpool showtimes,2016-05-02 07:33:41
5,Google,Deadpool,deadpool review,2016-05-02 07:33:41
6,Google,Deadpool,deadpool full movie,2016-05-02 07:33:41
7,Google,Deadpool,deadpool movie times,2016-05-02 07:33:41
8,Google,Deadpool,deadpool rating,2016-05-02 07:33:41
9,Google,Deadpool,deadpool box office,2016-05-02 07:33:41
10,Google,Deadpool,deadpool imdb,2016-05-02 07:33:41
1,Bing,Deadpool,deadpool,2016-05-02 07:33:41
2,Bing,Deadpool,deadpool trailer,2016-05-02 07:33:41
3,Bing,Deadpool,deadpool full movie,2016-05-02 07:33:41
4,Bing,Deadpool,deadpool movie,2016-05-02 07:33:41
5,Bing,Deadpool,deadpool cast,2016-05-02 07:33:41
6,Bing,Deadpool,deadpool record box office,2016-05-02 07:33:41
7,Bing,Deadpool,deadpool review,2016-05-02 07:33:41
8,Bing,Deadpool,deadpool putlocker,2016-05-02 07:33:41
9,Bing,Deadpool,deadpool torrent,2016-05-02 07:33:41
10,Bing,Deadpool,deadpool red band trailer,2016-05-02 07:33:41
1,Google,Batman v Superman: Dawn of Justice,batman v superman dawn of justice,2016-05-02 07:33:42
2,Google,Batman v Superman: Dawn of Justice,batman v superman dawn of justice cast,2016-05-02 07:33:42
3,Google,Batman v Superman: Dawn of Justice,batman v superman dawn of justice review,2016-05-02 07:33:42
4,Google,Batman v Superman: Dawn of Justice,batman v superman dawn of justice trailer,2016-05-02 07:33:42
5,Google,Batman v Superman: Dawn of Justice,batman v superman dawn of justice full movie,2016-05-02 07:33:42
6,Google,Batman v Superman: Dawn of Justice,batman v superman dawn of justice showtimes,2016-05-02 07:33:42
7,Google,Batman v Superman: Dawn of Justice,batman v superman dawn of justice full movie online free,2016-05-02 07:33:42
8,Google,Batman v Superman: Dawn of Justice,batman v superman dawn of justice release date,2016-05-02 07:33:42
9,Google,Batman v Superman: Dawn of Justice,batman v superman dawn of justice plot,2016-05-02 07:33:42
10,Google,Batman v Superman: Dawn of Justice,batman v superman dawn of justice box office,2016-05-02 07:33:42
1,Bing,Batman v Superman: Dawn of Justice,batman v superman dawn of justice 2016,2016-05-02 07:33:42
2,Bing,Batman v Superman: Dawn of Justice,batman v superman dawn of justice,2016-05-02 07:33:42
3,Bing,Batman v Superman: Dawn of Justice,batman v superman dawn of justice full movie,2016-05-02 07:33:42
4,Bing,Batman v Superman: Dawn of Justice,batman v superman dawn of justice review,2016-05-02 07:33:42
5,Bing,Batman v Superman: Dawn of Justice,batman v superman dawn of justice 2016 review,2016-05-02 07:33:42
6,Bing,Batman v Superman: Dawn of Justice,batman v superman dawn of justice poster,2016-05-02 07:33:42
7,Bing,Batman v Superman: Dawn of Justice,batman v superman dawn of justice cast,2016-05-02 07:33:42
8,Bing,Batman v Superman: Dawn of Justice,batman v superman dawn of justice online free,2016-05-02 07:33:42
9,Bing,Batman v Superman: Dawn of Justice,batman v superman dawn of justice torrent,2016-05-02 07:33:42
10,Bing,Batman v Superman: Dawn of Justice,batman v superman dawn of justice putlocker,2016-05-02 07:33:42
1,Google,The Revenant,the revenant,2016-05-02 07:33:47
2,Google,The Revenant,the revenant review,2016-05-02 07:33:47
3,Google,The Revenant,the revenant trailer,2016-05-02 07:33:47
4,Google,The Revenant,the revenant cast,2016-05-02 07:33:47
5,Google,The Revenant,the revenant showtimes,2016-05-02 07:33:47
6,Google,The Revenant,the revenant book,2016-05-02 07:33:47
7,Google,The Revenant,the revenant full movie,2016-05-02 07:33:47
8,Google,The Revenant,the revenant imdb,2016-05-02 07:33:47
9,Google,The Revenant,the revenant bear scene,2016-05-02 07:33:47
10,Google,The Revenant,the revenant rotten tomatoes,2016-05-02 07:33:47
1,Bing,The Revenant,the revenant,2016-05-02 07:33:47
2,Bing,The Revenant,the revenant true story,2016-05-02 07:33:47
3,Bing,The Revenant,the revenant movie,2016-05-02 07:33:47
4,Bing,The Revenant,the revenant showtimes,2016-05-02 07:33:47
5,Bing,The Revenant,the revenant full movie,2016-05-02 07:33:47
6,Bing,The Revenant,the revenant cast,2016-05-02 07:33:47
7,Bing,The Revenant,the revenant review,2016-05-02 07:33:47
8,Bing,The Revenant,the revenant full movie online,2016-05-02 07:33:47
9,Bing,The Revenant,the revenant dvd release date,2016-05-02 07:33:47
10,Bing,The Revenant,the revenant wiki,2016-05-02 07:33:47
1,Google,Ice Age: The Great Egg-Scapade,ice age the great egg-scapade,2016-05-02 07:33:48
2,Google,Ice Age: The Great Egg-Scapade,ice age the great egg-scapade dvd,2016-05-02 07:33:48
3,Google,Ice Age: The Great Egg-Scapade,ice age the great egg-scapade trailer,2016-05-02 07:33:48
4,Google,Ice Age: The Great Egg-Scapade,ice age the great egg-scapade full movie,2016-05-02 07:33:48
5,Google,Ice Age: The Great Egg-Scapade,ice age the great egg-scapade cast,2016-05-02 07:33:48
6,Google,Ice Age: The Great Egg-Scapade,ice age the great egg-scapade review,2016-05-02 07:33:48
7,Google,Ice Age: The Great Egg-Scapade,ice age the great egg-scapade poster,2016-05-02 07:33:48
8,Google,Ice Age: The Great Egg-Scapade,ice age the great egg-scapade release date,2016-05-02 07:33:48
9,Google,Ice Age: The Great Egg-Scapade,ice age the great egg-scapade dvd release,2016-05-02 07:33:48
10,Google,Ice Age: The Great Egg-Scapade,ice age the great egg-scapade blu ray,2016-05-02 07:33:48
1,Bing,Ice Age: The Great Egg-Scapade,ice age the great egg scapade,2016-05-02 07:33:48
2,Bing,Ice Age: The Great Egg-Scapade,ice age the great egg scapade dvd,2016-05-02 07:33:48
3,Bing,Ice Age: The Great Egg-Scapade,ice age the great egg scapade 2016,2016-05-02 07:33:48
4,Bing,Ice Age: The Great Egg-Scapade,ice age the great egg scapade promo,2016-05-02 07:33:48
5,Bing,Ice Age: The Great Egg-Scapade,ice age the great egg scapade imdb,2016-05-02 07:33:48
6,Bing,Ice Age: The Great Egg-Scapade,ice age the great egg scapade trailer,2016-05-02 07:33:48
7,Bing,Ice Age: The Great Egg-Scapade,ice age the great egg scapade youtube,2016-05-02 07:33:48
8,Bing,Ice Age: The Great Egg-Scapade,ice age the great egg scapade clip,2016-05-02 07:33:48
9,Bing,Ice Age: The Great Egg-Scapade,ice age the great egg scapade full movie,2016-05-02 07:33:48
10,Bing,Ice Age: The Great Egg-Scapade,ice age the great egg escapade dailymotion,2016-05-02 07:33:48
1,Google,Hail Caesar!,hail caesar review,2016-05-02 07:33:53
2,Google,Hail Caesar!,hail caesar cast,2016-05-02 07:33:53
3,Google,Hail Caesar!,hail caesar movie,2016-05-02 07:33:53
4,Google,Hail Caesar!,hail caesar trailer,2016-05-02 07:33:53
5,Google,Hail Caesar!,hail caesar showtimes,2016-05-02 07:33:53
6,Google,Hail Caesar!,hail caesar rotten tomatoes,2016-05-02 07:33:53
7,Google,Hail Caesar!,hail caesar imdb,2016-05-02 07:33:53
8,Google,Hail Caesar!,hail caesar film,2016-05-02 07:33:53
9,Google,Hail Caesar!,hail caesar metacritic,2016-05-02 07:33:53
10,Google,Hail Caesar!,hail caesar trailer song,2016-05-02 07:33:53
1,Bing,Hail Caesar!,hail caesar,2016-05-02 07:33:53
2,Bing,Hail Caesar!,hail caesar reviews,2016-05-02 07:33:53
3,Bing,Hail Caesar!,hail caesar trailer,2016-05-02 07:33:53
4,Bing,Hail Caesar!,hail caesar cast,2016-05-02 07:33:53
5,Bing,Hail Caesar!,hail caesar movie,2016-05-02 07:33:53
6,Bing,Hail Caesar!,hail caesar torrent,2016-05-02 07:33:53
7,Bing,Hail Caesar!,hail caesar showtimes,2016-05-02 07:33:53
8,Bing,Hail Caesar!,hail caesar rotten tomatoes,2016-05-02 07:33:53
9,Bing,Hail Caesar!,hail caesar imdb,2016-05-02 07:33:53
10,Bing,Hail Caesar!,hail caesar movie cast,2016-05-02 07:33:53
1,Google,Kung Fu Panda 3,kung fu panda 3,2016-05-02 07:33:55
2,Google,Kung Fu Panda 3,kung fu panda 3 trailer,2016-05-02 07:33:55
3,Google,Kung Fu Panda 3,kung fu panda 3 cast,2016-05-02 07:33:55
4,Google,Kung Fu Panda 3,kung fu panda 3 showtimes,2016-05-02 07:33:55
5,Google,Kung Fu Panda 3,kung fu panda 3 review,2016-05-02 07:33:55
6,Google,Kung Fu Panda 3,kung fu panda 3 full movie,2016-05-02 07:33:55
7,Google,Kung Fu Panda 3,kung fu panda 3 kai,2016-05-02 07:33:55
8,Google,Kung Fu Panda 3,kung fu panda 3 online,2016-05-02 07:33:55
9,Google,Kung Fu Panda 3,kung fu panda 3 dvd release date,2016-05-02 07:33:55
10,Google,Kung Fu Panda 3,kung fu panda 3 soundtrack,2016-05-02 07:33:55
1,Bing,Kung Fu Panda 3,kung fu panda 3,2016-05-02 07:33:55
2,Bing,Kung Fu Panda 3,kung fu panda 3 full movie,2016-05-02 07:33:55
3,Bing,Kung Fu Panda 3,kung fu panda 3 full movie online free,2016-05-02 07:33:55
4,Bing,Kung Fu Panda 3,kung fu panda 3 cast,2016-05-02 07:33:55
5,Bing,Kung Fu Panda 3,kung fu panda 3 putlocker,2016-05-02 07:33:55
6,Bing,Kung Fu Panda 3,kung fu panda 3 torrent,2016-05-02 07:33:55
7,Bing,Kung Fu Panda 3,kung fu panda 3 dvd release date,2016-05-02 07:33:55
8,Bing,Kung Fu Panda 3,kung fu panda 3 poster,2016-05-02 07:33:55
9,Bing,Kung Fu Panda 3,kung fu panda 3 online,2016-05-02 07:33:55
10,Bing,Kung Fu Panda 3,kung fu panda 3 movie,2016-05-02 07:33:55
1,Google,Pandemic,pandemic,2016-05-02 07:33:57
2,Google,Pandemic,pandemic definition,2016-05-02 07:33:57
3,Google,Pandemic,pandemic legacy,2016-05-02 07:33:57
4,Google,Pandemic,pandemic board game,2016-05-02 07:33:57
5,Google,Pandemic,pandemic 2,2016-05-02 07:33:57
6,Google,Pandemic,pandemic game,2016-05-02 07:33:57
7,Google,Pandemic,pandemic 2016,2016-05-02 07:33:57
8,Google,Pandemic,pandemic 3,2016-05-02 07:33:57
9,Google,Pandemic,pandemic legacy season 2,2016-05-02 07:33:57
10,Google,Pandemic,pandemic studios,2016-05-02 07:33:57
1,Bing,Pandemic,pandemic,2016-05-02 07:33:57
2,Bing,Pandemic,pandemic 2,2016-05-02 07:33:57
3,Bing,Pandemic,pandemic movie,2016-05-02 07:33:57
4,Bing,Pandemic,pandemic trailer,2016-05-02 07:33:57
5,Bing,Pandemic,pandemic game,2016-05-02 07:33:57
6,Bing,Pandemic,pandemic 2016,2016-05-02 07:33:57
7,Bing,Pandemic,pandemic board game,2016-05-02 07:33:57
8,Bing,Pandemic,pandemic 3,2016-05-02 07:33:57
9,Bing,Pandemic,pandemic legacy,2016-05-02 07:33:57
10,Bing,Pandemic,pandemic vs epidemic,2016-05-02 07:33:57
1,Google,The Hateful Eight,the hateful eight,2016-05-02 07:33:57
2,Google,The Hateful Eight,the hateful eight review,2016-05-02 07:33:57
3,Google,The Hateful Eight,the hateful eight cast,2016-05-02 07:33:57
4,Google,The Hateful Eight,the hateful eight trailer,2016-05-02 07:33:57
5,Google,The Hateful Eight,the hateful eight showtimes,2016-05-02 07:33:57
6,Google,The Hateful Eight,the hateful eight full movie,2016-05-02 07:33:57
7,Google,The Hateful Eight,the hateful eight 70mm,2016-05-02 07:33:57
8,Google,The Hateful Eight,the hateful eight imdb,2016-05-02 07:33:57
9,Google,The Hateful Eight,the hateful eight online,2016-05-02 07:33:57
10,Google,The Hateful Eight,the hateful eight soundtrack,2016-05-02 07:33:57
1,Bing,The Hateful Eight,the hateful eight,2016-05-02 07:33:57
2,Bing,The Hateful Eight,the hateful eight trailer,2016-05-02 07:33:57
3,Bing,The Hateful Eight,the hateful eight cast,2016-05-02 07:33:57
4,Bing,The Hateful Eight,the hateful eight review,2016-05-02 07:33:57
5,Bing,The Hateful Eight,the hateful eight torrent,2016-05-02 07:33:57
6,Bing,The Hateful Eight,the hateful eight showtimes,2016-05-02 07:33:57
7,Bing,The Hateful Eight,the hateful eight putlocker,2016-05-02 07:33:57
8,Bing,The Hateful Eight,the hateful eight movie,2016-05-02 07:33:57
9,Bing,The Hateful Eight,the hateful eight full movie,2016-05-02 07:33:57
10,Bing,The Hateful Eight,the hateful eight rotten tomatoes,2016-05-02 07:33:57
1,Google,The 5th Wave,the 5th wave,2016-05-02 07:34:00
2,Google,The 5th Wave,the 5th wave book,2016-05-02 07:34:00
3,Google,The 5th Wave,the 5th wave trailer,2016-05-02 07:34:00
4,Google,The 5th Wave,the 5th wave cast,2016-05-02 07:34:00
5,Google,The 5th Wave,the 5th wave full movie,2016-05-02 07:34:00
6,Google,The 5th Wave,the 5th wave series,2016-05-02 07:34:00
7,Google,The 5th Wave,the 5th wave review,2016-05-02 07:34:00
8,Google,The 5th Wave,the 5th wave 2016,2016-05-02 07:34:00
9,Google,The 5th Wave,the 5th wave showtimes,2016-05-02 07:34:00
10,Google,The 5th Wave,the 5th wave sequel,2016-05-02 07:34:00
1,Bing,The 5th Wave,the 5th wave,2016-05-02 07:34:00
2,Bing,The 5th Wave,the 5th wave trailer,2016-05-02 07:34:00
3,Bing,The 5th Wave,the 5th wave movie,2016-05-02 07:34:00
4,Bing,The 5th Wave,the 5th wave cast,2016-05-02 07:34:00
5,Bing,The 5th Wave,the 5th wave full movie,2016-05-02 07:34:00
6,Bing,The 5th Wave,the 5th wave book,2016-05-02 07:34:00
7,Bing,The 5th Wave,the 5th wave full movie online,2016-05-02 07:34:00
8,Bing,The 5th Wave,the 5th wave rick yancey,2016-05-02 07:34:00
9,Bing,The 5th Wave,the 5th wave series,2016-05-02 07:34:00
10,Bing,The 5th Wave,the 5th wave showtimes,2016-05-02 07:34:00
