Order Number,Search Enginee,Movie Name,Sub Term,Suggestion,Date & Time,Character Typed
1,Google,The Revenant,The ,the jungle book,2016-05-02 07:50:40,4
2,Google,The Revenant,The ,the huntsman winter's war,2016-05-02 07:50:40,4
3,Google,The Revenant,The ,the boss,2016-05-02 07:50:40,4
4,Google,The Revenant,The ,the revenant,2016-05-02 07:50:40,4
5,Google,The Revenant,The ,the big short,2016-05-02 07:50:40,4
6,Google,The Revenant,The ,the walking dead,2016-05-02 07:50:40,4
7,Google,The Revenant,The ,the division,2016-05-02 07:50:40,4
8,Google,The Revenant,The ,the weather channel,2016-05-02 07:50:40,4
9,Google,The Revenant,The ,the bachelor,2016-05-02 07:50:40,4
10,Google,The Revenant,The ,the good wife,2016-05-02 07:50:40,4
1,Bing,The Revenant,The ,the weather channel,2016-05-02 07:50:40,4
2,Bing,The Revenant,The ,the washington post,2016-05-02 07:50:40,4
3,Bing,The Revenant,The ,the pirate bay,2016-05-02 07:50:40,4
4,Bing,The Revenant,The ,the jamaica observer,2016-05-02 07:50:40,4
5,Bing,The Revenant,The ,the punch,2016-05-02 07:50:40,4
6,Bing,The Revenant,The ,the columbia bank,2016-05-02 07:50:40,4
7,Bing,The Revenant,The ,the baltimore sun,2016-05-02 07:50:40,4
8,Bing,The Revenant,The ,the voice,2016-05-02 07:50:40,4
9,Bing,The Revenant,The ,the walking dead,2016-05-02 07:50:40,4
10,Bing,The Revenant,The ,theblaze,2016-05-02 07:50:40,4
1,Google,The Revenant,The R,the revenant,2016-05-02 07:50:41,5
2,Google,The Revenant,The R,the rock,2016-05-02 07:50:41,5
3,Google,The Revenant,The R,the room,2016-05-02 07:50:41,5
4,Google,The Revenant,The R,the red wedding,2016-05-02 07:50:41,5
5,Google,The Revenant,The R,the real,2016-05-02 07:50:41,5
6,Google,The Revenant,The R,the returned,2016-05-02 07:50:41,5
7,Google,The Revenant,The R,the riggsby,2016-05-02 07:50:41,5
8,Google,The Revenant,The R,the rap game,2016-05-02 07:50:41,5
9,Google,The Revenant,The R,the red hen,2016-05-02 07:50:41,5
10,Google,The Revenant,The R,the ranch,2016-05-02 07:50:41,5
1,Bing,The Revenant,The R,the rickey smiley morning show,2016-05-02 07:50:41,5
2,Bing,The Revenant,The R,the revenant,2016-05-02 07:50:41,5
3,Bing,The Revenant,The R,the real news network,2016-05-02 07:50:41,5
4,Bing,The Revenant,The R,the root,2016-05-02 07:50:41,5
5,Bing,The Revenant,The R,the real talk show,2016-05-02 07:50:41,5
6,Bing,The Revenant,The R,the real,2016-05-02 07:50:41,5
7,Bing,The Revenant,The R,the royal gazette bermuda,2016-05-02 07:50:41,5
8,Bing,The Revenant,The R,the reggae boyz,2016-05-02 07:50:41,5
9,Bing,The Revenant,The R,the roanoke rapids daily herald,2016-05-02 07:50:41,5
10,Bing,The Revenant,The R,the ranch netflix,2016-05-02 07:50:41,5
1,Google,The Revenant,The Re,the revenant,2016-05-02 07:50:41,6
2,Google,The Revenant,The Re,the red wedding,2016-05-02 07:50:41,6
3,Google,The Revenant,The Re,the real,2016-05-02 07:50:41,6
4,Google,The Revenant,The Re,the returned,2016-05-02 07:50:41,6
5,Google,The Revenant,The Re,the red hen,2016-05-02 07:50:41,6
6,Google,The Revenant,The Re,the red woman,2016-05-02 07:50:41,6
7,Google,The Revenant,The Re,the revenant review,2016-05-02 07:50:41,6
8,Google,The Revenant,The Re,the register,2016-05-02 07:50:41,6
9,Google,The Revenant,The Re,the revenant trailer,2016-05-02 07:50:41,6
10,Google,The Revenant,The Re,the replacements,2016-05-02 07:50:41,6
1,Bing,The Revenant,The Re,the revenant,2016-05-02 07:50:41,6
2,Bing,The Revenant,The Re,the real news network,2016-05-02 07:50:41,6
3,Bing,The Revenant,The Re,the real talk show,2016-05-02 07:50:41,6
4,Bing,The Revenant,The Re,the real,2016-05-02 07:50:41,6
5,Bing,The Revenant,The Re,the reggae boyz,2016-05-02 07:50:41,6
6,Bing,The Revenant,The Re,the real real,2016-05-02 07:50:41,6
7,Bing,The Revenant,The Re,the returned,2016-05-02 07:50:41,6
8,Bing,The Revenant,The Re,the republic,2016-05-02 07:50:41,6
9,Bing,The Revenant,The Re,the real housewives of atlanta,2016-05-02 07:50:41,6
10,Bing,The Revenant,The Re,the revenant true story,2016-05-02 07:50:41,6
1,Google,The Revenant,The Rev,the revenant,2016-05-02 07:50:41,7
2,Google,The Revenant,The Rev,the revenant review,2016-05-02 07:50:41,7
3,Google,The Revenant,The Rev,the revenant trailer,2016-05-02 07:50:41,7
4,Google,The Revenant,The Rev,the revenant showtimes,2016-05-02 07:50:41,7
5,Google,The Revenant,The Rev,the revenant book,2016-05-02 07:50:41,7
6,Google,The Revenant,The Rev,the revolution,2016-05-02 07:50:41,7
7,Google,The Revenant,The Rev,the revenant full movie,2016-05-02 07:50:41,7
8,Google,The Revenant,The Rev,the revenant cast,2016-05-02 07:50:41,7
9,Google,The Revenant,The Rev,the revenant imdb,2016-05-02 07:50:41,7
10,Google,The Revenant,The Rev,the revolutionary war,2016-05-02 07:50:41,7
1,Bing,The Revenant,The Rev,the revenant,2016-05-02 07:50:41,7
2,Bing,The Revenant,The Rev,the revenant true story,2016-05-02 07:50:41,7
3,Bing,The Revenant,The Rev,the revenant movie,2016-05-02 07:50:41,7
4,Bing,The Revenant,The Rev,the revenant showtimes,2016-05-02 07:50:41,7
5,Bing,The Revenant,The Rev,the revenant full movie,2016-05-02 07:50:41,7
6,Bing,The Revenant,The Rev,the revenant cast,2016-05-02 07:50:41,7
7,Bing,The Revenant,The Rev,the revolutionary war,2016-05-02 07:50:41,7
8,Bing,The Revenant,The Rev,the revenant review,2016-05-02 07:50:41,7
9,Bing,The Revenant,The Rev,the revivalists,2016-05-02 07:50:41,7
10,Bing,The Revenant,The Rev,the review,2016-05-02 07:50:41,7
1,Google,The Revenant,The Reve,the revenant,2016-05-02 07:50:41,8
2,Google,The Revenant,The Reve,the revenant review,2016-05-02 07:50:41,8
3,Google,The Revenant,The Reve,the revenant trailer,2016-05-02 07:50:41,8
4,Google,The Revenant,The Reve,the revenant cast,2016-05-02 07:50:41,8
5,Google,The Revenant,The Reve,the revenant showtimes,2016-05-02 07:50:41,8
6,Google,The Revenant,The Reve,the revenant book,2016-05-02 07:50:41,8
7,Google,The Revenant,The Reve,the revenant full movie,2016-05-02 07:50:41,8
8,Google,The Revenant,The Reve,the revenant imdb,2016-05-02 07:50:41,8
9,Google,The Revenant,The Reve,the revenant bear scene,2016-05-02 07:50:41,8
10,Google,The Revenant,The Reve,the revenant rotten tomatoes,2016-05-02 07:50:41,8
1,Bing,The Revenant,The Reve,the revenant,2016-05-02 07:50:41,8
2,Bing,The Revenant,The Reve,the revenant true story,2016-05-02 07:50:41,8
3,Bing,The Revenant,The Reve,the revenant movie,2016-05-02 07:50:41,8
4,Bing,The Revenant,The Reve,the revenant showtimes,2016-05-02 07:50:41,8
5,Bing,The Revenant,The Reve,the revenant full movie,2016-05-02 07:50:41,8
6,Bing,The Revenant,The Reve,the revenant cast,2016-05-02 07:50:41,8
7,Bing,The Revenant,The Reve,the revenant review,2016-05-02 07:50:41,8
8,Bing,The Revenant,The Reve,the revenant full movie online,2016-05-02 07:50:41,8
9,Bing,The Revenant,The Reve,the revenant dvd release date,2016-05-02 07:50:41,8
10,Bing,The Revenant,The Reve,the revenant wiki,2016-05-02 07:50:41,8
1,Google,The Revenant,The Reven,the revenant,2016-05-02 07:50:41,9
2,Google,The Revenant,The Reven,the revenant review,2016-05-02 07:50:41,9
3,Google,The Revenant,The Reven,the revenant trailer,2016-05-02 07:50:41,9
4,Google,The Revenant,The Reven,the revenant cast,2016-05-02 07:50:41,9
5,Google,The Revenant,The Reven,the revenant showtimes,2016-05-02 07:50:41,9
6,Google,The Revenant,The Reven,the revenant book,2016-05-02 07:50:41,9
7,Google,The Revenant,The Reven,the revenant full movie,2016-05-02 07:50:41,9
8,Google,The Revenant,The Reven,the revenant imdb,2016-05-02 07:50:41,9
9,Google,The Revenant,The Reven,the revenant bear scene,2016-05-02 07:50:41,9
10,Google,The Revenant,The Reven,the revenant rotten tomatoes,2016-05-02 07:50:41,9
1,Bing,The Revenant,The Reven,the revenant,2016-05-02 07:50:41,9
2,Bing,The Revenant,The Reven,the revenant true story,2016-05-02 07:50:41,9
3,Bing,The Revenant,The Reven,the revenant movie,2016-05-02 07:50:41,9
4,Bing,The Revenant,The Reven,the revenant showtimes,2016-05-02 07:50:41,9
5,Bing,The Revenant,The Reven,the revenant full movie,2016-05-02 07:50:41,9
6,Bing,The Revenant,The Reven,the revenant cast,2016-05-02 07:50:41,9
7,Bing,The Revenant,The Reven,the revenant review,2016-05-02 07:50:41,9
8,Bing,The Revenant,The Reven,the revenant full movie online,2016-05-02 07:50:41,9
9,Bing,The Revenant,The Reven,the revenant dvd release date,2016-05-02 07:50:41,9
10,Bing,The Revenant,The Reven,the revenant wiki,2016-05-02 07:50:41,9
1,Google,The Revenant,The Revena,the revenant,2016-05-02 07:50:41,10
2,Google,The Revenant,The Revena,the revenant review,2016-05-02 07:50:41,10
3,Google,The Revenant,The Revena,the revenant trailer,2016-05-02 07:50:41,10
4,Google,The Revenant,The Revena,the revenant cast,2016-05-02 07:50:41,10
5,Google,The Revenant,The Revena,the revenant showtimes,2016-05-02 07:50:41,10
6,Google,The Revenant,The Revena,the revenant book,2016-05-02 07:50:41,10
7,Google,The Revenant,The Revena,the revenant full movie,2016-05-02 07:50:41,10
8,Google,The Revenant,The Revena,the revenant imdb,2016-05-02 07:50:41,10
9,Google,The Revenant,The Revena,the revenant bear scene,2016-05-02 07:50:41,10
10,Google,The Revenant,The Revena,the revenant rotten tomatoes,2016-05-02 07:50:41,10
1,Bing,The Revenant,The Revena,the revenant,2016-05-02 07:50:41,10
2,Bing,The Revenant,The Revena,the revenant true story,2016-05-02 07:50:41,10
3,Bing,The Revenant,The Revena,the revenant movie,2016-05-02 07:50:41,10
4,Bing,The Revenant,The Revena,the revenant showtimes,2016-05-02 07:50:41,10
5,Bing,The Revenant,The Revena,the revenant full movie,2016-05-02 07:50:41,10
6,Bing,The Revenant,The Revena,the revenant cast,2016-05-02 07:50:41,10
7,Bing,The Revenant,The Revena,the revenant review,2016-05-02 07:50:41,10
8,Bing,The Revenant,The Revena,the revenant full movie online,2016-05-02 07:50:41,10
9,Bing,The Revenant,The Revena,the revenant dvd release date,2016-05-02 07:50:41,10
10,Bing,The Revenant,The Revena,the revenant wiki,2016-05-02 07:50:41,10
1,Google,The Revenant,The Revenan,the revenant,2016-05-02 07:50:42,11
2,Google,The Revenant,The Revenan,the revenant review,2016-05-02 07:50:42,11
3,Google,The Revenant,The Revenan,the revenant trailer,2016-05-02 07:50:42,11
4,Google,The Revenant,The Revenan,the revenant cast,2016-05-02 07:50:42,11
5,Google,The Revenant,The Revenan,the revenant showtimes,2016-05-02 07:50:42,11
6,Google,The Revenant,The Revenan,the revenant book,2016-05-02 07:50:42,11
7,Google,The Revenant,The Revenan,the revenant full movie,2016-05-02 07:50:42,11
8,Google,The Revenant,The Revenan,the revenant imdb,2016-05-02 07:50:42,11
9,Google,The Revenant,The Revenan,the revenant bear scene,2016-05-02 07:50:42,11
10,Google,The Revenant,The Revenan,the revenant rotten tomatoes,2016-05-02 07:50:42,11
1,Bing,The Revenant,The Revenan,the revenant,2016-05-02 07:50:42,11
2,Bing,The Revenant,The Revenan,the revenant true story,2016-05-02 07:50:42,11
3,Bing,The Revenant,The Revenan,the revenant movie,2016-05-02 07:50:42,11
4,Bing,The Revenant,The Revenan,the revenant showtimes,2016-05-02 07:50:42,11
5,Bing,The Revenant,The Revenan,the revenant full movie,2016-05-02 07:50:42,11
6,Bing,The Revenant,The Revenan,the revenant cast,2016-05-02 07:50:42,11
7,Bing,The Revenant,The Revenan,the revenant review,2016-05-02 07:50:42,11
8,Bing,The Revenant,The Revenan,the revenant full movie online,2016-05-02 07:50:42,11
9,Bing,The Revenant,The Revenan,the revenant dvd release date,2016-05-02 07:50:42,11
10,Bing,The Revenant,The Revenan,the revenant wiki,2016-05-02 07:50:42,11
